-- ============================================================================
-- נתוני דמה למסד הנתונים smart_Encomy
-- ============================================================================

-- 1. משתמש דמה
INSERT INTO Users (first_name, last_name, email, password_hash, join_date, family_size)
VALUES ('ישראל', 'ישראלי', 'israel@example.com', 'hashed_password_here', '2026-01-01', 5);

-- הנח user_id = 1 (אם AUTO_INCREMENT, הטריגר הבא ייתן 1)


-- ============================================================================
-- 2. קטגוריות (Categories)
--    category_type_id = 1 → הוצאה, 2 → הכנסה (מותאם לטבלת Category_Types)
-- ============================================================================

INSERT INTO Categories (category_name, category_type_id, category_description) VALUES
('שכירות / משכנתא',        1, 'תשלום דיור חודשי'),
('חשבונות חשמל ומים',      1, 'חשבונות שוטפים'),
('ארנונה',                 1, 'מס עירוני'),
('מזון וסופרמרקט',         1, 'קניות מזון'),
('חינוך וילדים',           1, 'תשלומי בית ספר, חוגים, צהרון'),
('רכב ותחבורה',            1, 'דלק, תיקונים, טסט'),
('בריאות',                 1, 'רופאים, תרופות, ביטוח בריאות'),
('ביגוד והנעלה',           1, 'בגדים ונעליים'),
('בילויים ומסעדות',        1, 'אוכל בחוץ ופנאי'),
('צדקה ומעשרות',           1, 'תרומות'),
('חסכונות והשקעות',        1, 'חסכונות עתידיים'),
('תקשורת',                 1, 'אינטרנט, טלפון, סלולרי'),
('ריהוט וציוד לבית',       1, 'רהיטים ומכשירי חשמל'),
('חופשות ונופש',           1, 'חופשות משפחתיות'),
('משכנתא / הלוואות',       1, 'החזרי הלוואות'),
('מתנות ושמחות',           1, 'מתנות לחתונות ובריתות'),
('הוצאות שונות',           1, 'כללי');

INSERT INTO Categories (category_name, category_type_id, category_description) VALUES
('משכורת',                 2, 'הכנסה חודשית מעבודה'),
('הכנסה מעסק',             2, 'הכנסה מעסק עצמאי'),
('קצבאות',                 2, 'קצבאות ביטוח לאומי'),
('הכנסות אחרות',           2, 'הכנסות שונות');


-- ============================================================================
-- 3. Category_Standards — תקציב סטנדרטי לנפש (amount_per_person)
--    is_essential = 1 → חיוני, is_fixed_cost = 1 → קבוע
-- ============================================================================

INSERT INTO Category_Standards (category_id, amount_per_person, is_essential, is_fixed_cost, rule_description, max_cut_percent) VALUES
(1,  800,  1, 1, 'שכירות / משכנתא — חובה קבועה',          0),
(2,  150,  1, 0, 'חשבונות — חיוני אבל אפשר להתייעל',       20),
(3,  100,  1, 1, 'ארנונה — חובה קבועה',                    0),
(4,  400,  1, 0, 'מזון — חיוני, אפשר לצמצם מותרות',        15),
(5,  350,  1, 0, 'חינוך — חיוני, אפשר לבדוק חלופות',       10),
(6,  200,  0, 0, 'רכב — לא חיוני אבל חשוב',                30),
(7,  150,  1, 0, 'בריאות — חיוני',                         5),
(8,  100,  0, 0, 'ביגוד — לא חיוני',                       50),
(9,  120,  0, 0, 'בילויים — מותרות',                       70),
(10, 200,  0, 0, 'צדקה — חשוב אבל גמיש',                   30),
(11, 150,  0, 0, 'חסכונות — גמיש',                         50),
(12, 80,   1, 0, 'תקשורת — חיוני, אפשר להתייעל',            20),
(13, 80,   0, 0, 'ריהוט — לא חיוני',                       60),
(14, 100,  0, 0, 'חופשות — מותרות',                        80),
(15, 300,  1, 1, 'הלוואות — חובה קבועה',                   0),
(16, 60,   0, 0, 'מתנות ושמחות — גמיש',                    50),
(17, 100,  0, 0, 'הוצאות שונות — גמיש',                    40);


-- ============================================================================
-- 4. User_Category_Preferences — העדפות משתמש (importance_score 0–100)
-- ============================================================================

INSERT INTO User_Category_Preferences (user_id, category_id, importance_score) VALUES
(1, 1,  100),   -- שכירות — קריטי
(1, 2,  80),    -- חשבונות — מאוד חשוב
(1, 3,  90),    -- ארנונה — מאוד חשוב
(1, 4,  70),    -- מזון — חשוב
(1, 5,  85),    -- חינוך — מאוד חשוב
(1, 6,  50),    -- רכב — בינוני
(1, 7,  95),    -- בריאות — קריטי
(1, 8,  30),    -- ביגוד — פחות חשוב
(1, 9,  20),    -- בילויים — נמוך
(1, 10, 60),    -- צדקה — חשוב
(1, 11, 40),    -- חסכונות — בינוני
(1, 12, 75),    -- תקשורת — חשוב
(1, 13, 25),    -- ריהוט — נמוך
(1, 14, 15),    -- חופשות — נמוך
(1, 15, 100),   -- הלוואות — קריטי
(1, 16, 35),    -- מתנות — בינוני-נמוך
(1, 17, 45);    -- שונות — בינוני


-- ============================================================================
-- 5. User_Category_Goal — יעד חודשי אידיאלי (target_amount = amount_per_person × family_size)
--    family_size = 5
-- ============================================================================

INSERT INTO User_Category_Goal (user_id, category_id, target_amount) VALUES
(1, 1,  4000),    -- 800 × 5
(1, 2,  750),     -- 150 × 5
(1, 3,  500),     -- 100 × 5
(1, 4,  2000),    -- 400 × 5
(1, 5,  1750),    -- 350 × 5
(1, 6,  1000),    -- 200 × 5
(1, 7,  750),     -- 150 × 5
(1, 8,  500),     -- 100 × 5
(1, 9,  600),     -- 120 × 5
(1, 10, 1000),    -- 200 × 5
(1, 11, 750),     -- 150 × 5
(1, 12, 400),     -- 80 × 5
(1, 13, 400),     -- 80 × 5
(1, 14, 500),     -- 100 × 5
(1, 15, 1500),    -- 300 × 5
(1, 16, 300),     -- 60 × 5
(1, 17, 500);     -- 100 × 5


-- ============================================================================
-- 6. User_Saving_Goal — יעד חיסכון חודשי (רמת משתמש, לא לפי קטגוריה)
-- ============================================================================

INSERT INTO User_Saving_Goal (user_id, saving_mode, target_percent, target_amount)
VALUES (1, 'MEDIUM', 8, NULL);
-- MEDIUM = 8% מההכנסה הפנויה. אפשר גם:
--   HIGH = 15%, LOW = 3%
--   או target_amount = סכום קבוע (אז target_percent = NULL)


-- ============================================================================
-- 7. ExpenseType — סוגי הוצאות
-- ============================================================================

INSERT INTO ExpenseType (expense_type_name) VALUES
('רגילה'),
('קבועה'),
('חד פעמית'),
('חירום');


-- ============================================================================
-- 8. IncomeCategory — סוגי הכנסות
-- ============================================================================

INSERT INTO IncomeCategory (category_name) VALUES
('משכורת'),
('עסק'),
('קצבה'),
('אחר');


-- ============================================================================
-- 9. IncomeFrequency — תדירויות הכנסה
-- ============================================================================

INSERT INTO IncomeFrequency (frequency_name) VALUES
('חודשי'),
('חד פעמי'),
('רבעוני'),
('שנתי');


-- ============================================================================
-- 10. Incomes — הכנסות לדוגמה (חודש יולי 2026)
-- ============================================================================

INSERT INTO Incomes (user_id, category_id, amount, frequency_id, date, description) VALUES
(1, 18, 12000, 1, '2026-07-01', 'משכורת חודשית'),
(1, 20, 1500,  1, '2026-07-05', 'קצבת ילדים');


-- ============================================================================
-- 11. Expenses — הוצאות לדוגמה (חודש יולי 2026)
-- ============================================================================

INSERT INTO Expenses (user_id, category_id, amount, expense_type_id, date, description) VALUES
(1, 1,  4000, 2, '2026-07-01', 'שכירות'),
(1, 2,  680,  1, '2026-07-03', 'חשבון חשמל'),
(1, 3,  500,  2, '2026-07-01', 'ארנונה'),
(1, 4,  2200, 1, '2026-07-07', 'קניות שבועיות'),
(1, 5,  1600, 1, '2026-07-02', 'צהרון + חוג'),
(1, 6,  450,  1, '2026-07-10', 'דלק'),
(1, 7,  300,  1, '2026-07-08', 'תרופות'),
(1, 8,  350,  1, '2026-07-12', 'בגדים לילדים'),
(1, 9,  500,  1, '2026-07-13', 'מסעדה'),
(1, 10, 800,  1, '2026-07-05', 'צדקה'),
(1, 11, 500,  1, '2026-07-01', 'הפקדה לחסכון'),
(1, 12, 350,  1, '2026-07-03', 'אינטרנט + סלולרי'),
(1, 15, 1500, 2, '2026-07-01', 'החזר משכנתא'),
(1, 17, 200,  1, '2026-07-11', 'הוצאה לא צפויה');


-- ============================================================================
-- 12. Monthly_Expenses_Summary — סיכום חודשי (חודשים אחרונים)
-- ============================================================================

INSERT INTO Monthly_Expenses_Summary (user_id, category_id, month_year, total_amount) VALUES
-- יולי 2026
(1, 1,  '2026-07', 4000),
(1, 2,  '2026-07', 680),
(1, 3,  '2026-07', 500),
(1, 4,  '2026-07', 2200),
(1, 5,  '2026-07', 1600),
(1, 6,  '2026-07', 450),
(1, 7,  '2026-07', 300),
(1, 8,  '2026-07', 350),
(1, 9,  '2026-07', 500),
(1, 10, '2026-07', 800),
(1, 11, '2026-07', 500),
(1, 12, '2026-07', 350),
(1, 15, '2026-07', 1500),
(1, 17, '2026-07', 200),
-- יוני 2026
(1, 1,  '2026-06', 4000),
(1, 2,  '2026-06', 700),
(1, 3,  '2026-06', 500),
(1, 4,  '2026-06', 2400),
(1, 5,  '2026-06', 1550),
(1, 6,  '2026-06', 380),
(1, 7,  '2026-06', 200),
(1, 8,  '2026-06', 280),
(1, 9,  '2026-06', 650),
(1, 10, '2026-06', 800),
(1, 11, '2026-06', 500),
(1, 12, '2026-06', 350),
(1, 15, '2026-06', 1500),
(1, 17, '2026-06', 150),
-- מאי 2026
(1, 1,  '2026-05', 4000),
(1, 2,  '2026-05', 650),
(1, 3,  '2026-05', 500),
(1, 4,  '2026-05', 2100),
(1, 5,  '2026-05', 1600),
(1, 6,  '2026-05', 520),
(1, 7,  '2026-05', 350),
(1, 8,  '2026-05', 400),
(1, 9,  '2026-05', 550),
(1, 10, '2026-05', 800),
(1, 11, '2026-05', 500),
(1, 12, '2026-05', 350),
(1, 15, '2026-05', 1500),
(1, 17, '2026-05', 300);
